{"cameraMode":{"drawMode":0,"name":"Shaded","section":"Shading Mode"},"sceneLighting":false,"audioPlay":false,"sceneViewState":{"m_AlwaysRefresh":false,"showFog":true,"showSkybox":false,"showFlares":true,"showImageEffects":true,"showParticleSystems":true,"showVisualEffectGraphs":true,"m_FxEnabled":true},"in2DMode":false,"pivot":{"x":0.00877368450164795,"y":0.005509510636329651,"z":-0.008490189909934998},"rotation":{"x":0.005993650760501623,"y":-0.04982294887304306,"z":0.00031016633147373796,"w":0.9987853765487671},"size":1.472253441810608,"orthographic":false}