{"cameraMode":{"drawMode":0,"name":"Shaded","section":"Shading Mode"},"sceneLighting":false,"audioPlay":false,"sceneViewState":{"m_AlwaysRefresh":false,"showFog":true,"showSkybox":false,"showFlares":true,"showImageEffects":true,"showParticleSystems":true,"showVisualEffectGraphs":true,"m_FxEnabled":true},"in2DMode":false,"pivot":{"x":-0.5429090261459351,"y":1.3635902404785157,"z":4.903360843658447},"rotation":{"x":-0.13145311176776887,"y":0.04963730648159981,"z":-0.006597935222089291,"w":-0.9900658130645752},"size":1.5620371103286744,"orthographic":false}