{"cameraMode":{"drawMode":0,"name":"Shaded","section":"Shading Mode"},"sceneLighting":false,"audioPlay":false,"sceneViewState":{"m_AlwaysRefresh":false,"showFog":true,"showSkybox":false,"showFlares":true,"showImageEffects":true,"showParticleSystems":true,"showVisualEffectGraphs":true,"m_FxEnabled":true},"in2DMode":false,"pivot":{"x":0.004196569323539734,"y":-0.021286562085151674,"z":0.22931775450706483},"rotation":{"x":0.18389113247394563,"y":0.5927122831344605,"z":-0.1412564367055893,"w":0.7713716626167297},"size":0.546861469745636,"orthographic":false}