{"cameraMode":{"drawMode":0,"name":"Shaded","section":"Shading Mode"},"sceneLighting":false,"audioPlay":false,"sceneViewState":{"m_AlwaysRefresh":false,"showFog":true,"showSkybox":false,"showFlares":true,"showImageEffects":true,"showParticleSystems":true,"showVisualEffectGraphs":true,"m_FxEnabled":true},"in2DMode":false,"pivot":{"x":-0.2999413311481476,"y":0.7281132340431213,"z":-197.32000732421876},"rotation":{"x":0.009868184104561806,"y":-0.9694963693618774,"z":0.2418828010559082,"w":0.039547692984342578},"size":6.836862087249756,"orthographic":false}