{"cameraMode":{"drawMode":0,"name":"Shaded","section":"Shading Mode"},"sceneLighting":false,"audioPlay":false,"sceneViewState":{"m_AlwaysRefresh":false,"showFog":true,"showSkybox":false,"showFlares":true,"showImageEffects":true,"showParticleSystems":true,"showVisualEffectGraphs":true,"m_FxEnabled":true},"in2DMode":false,"pivot":{"x":0.020576462149620057,"y":0.0029180198907852175,"z":0.22918233275413514},"rotation":{"x":0.005993650760501623,"y":-0.04982294887304306,"z":0.00031016633147373796,"w":0.9987853765487671},"size":0.4011531174182892,"orthographic":false}