{"cameraMode":{"drawMode":0,"name":"Shaded","section":"Shading Mode"},"sceneLighting":false,"audioPlay":false,"sceneViewState":{"m_AlwaysRefresh":false,"showFog":true,"showSkybox":false,"showFlares":true,"showImageEffects":true,"showParticleSystems":true,"showVisualEffectGraphs":true,"m_FxEnabled":true},"in2DMode":false,"pivot":{"x":0.005052551627159119,"y":-0.004947170615196228,"z":-0.00558847188949585},"rotation":{"x":0.005993650760501623,"y":-0.04982294887304306,"z":0.00031016633147373796,"w":0.9987853765487671},"size":2.0521109104156496,"orthographic":false}