{"cameraMode":{"drawMode":0,"name":"Shaded","section":"Shading Mode"},"sceneLighting":false,"audioPlay":false,"sceneViewState":{"m_AlwaysRefresh":false,"showFog":true,"showSkybox":false,"showFlares":true,"showImageEffects":true,"showParticleSystems":true,"showVisualEffectGraphs":true,"m_FxEnabled":true},"in2DMode":false,"pivot":{"x":0.08164715766906738,"y":-1.0028839111328126,"z":1.6002140045166016},"rotation":{"x":0.23890811204910279,"y":-0.3990667462348938,"z":0.10853242874145508,"w":0.8786236643791199},"size":2.8324689865112306,"orthographic":false}