{"cameraMode":{"drawMode":0,"name":"Shaded","section":"Shading Mode"},"sceneLighting":false,"audioPlay":false,"sceneViewState":{"m_AlwaysRefresh":false,"showFog":true,"showSkybox":false,"showFlares":true,"showImageEffects":true,"showParticleSystems":true,"showVisualEffectGraphs":true,"m_FxEnabled":true},"in2DMode":false,"pivot":{"x":0.0062920451164245609,"y":-0.0013301968574523926,"z":0.22743965685367585},"rotation":{"x":0.18389113247394563,"y":0.5927122831344605,"z":-0.1412564367055893,"w":0.7713716626167297},"size":2.6290085315704347,"orthographic":false}