{"cameraMode":{"drawMode":0,"name":"Shaded","section":"Shading Mode"},"sceneLighting":false,"audioPlay":false,"sceneViewState":{"m_AlwaysRefresh":false,"showFog":true,"showSkybox":false,"showFlares":true,"showImageEffects":true,"showParticleSystems":true,"showVisualEffectGraphs":true,"m_FxEnabled":true},"in2DMode":false,"pivot":{"x":0.08000001311302185,"y":7.809999465942383,"z":0.103057861328125},"rotation":{"x":-0.12416981905698776,"y":0.012494930997490883,"z":-0.0015611306298524142,"w":-0.9921863079071045},"size":4.669626235961914,"orthographic":false}