{"cameraMode":{"drawMode":0,"name":"Shaded","section":"Shading Mode"},"sceneLighting":false,"audioPlay":false,"sceneViewState":{"m_AlwaysRefresh":false,"showFog":true,"showSkybox":false,"showFlares":true,"showImageEffects":true,"showParticleSystems":true,"showVisualEffectGraphs":true,"m_FxEnabled":true},"in2DMode":false,"pivot":{"x":-2.249941349029541,"y":7.5881171226501469,"z":-198.72000122070313},"rotation":{"x":-0.037464890629053119,"y":0.03416487202048302,"z":-0.001523516490124166,"w":-0.9988782405853272},"size":2.1435446739196779,"orthographic":false}