{"cameraMode":{"drawMode":0,"name":"Shaded","section":"Shading Mode"},"sceneLighting":false,"audioPlay":false,"sceneViewState":{"m_AlwaysRefresh":false,"showFog":true,"showSkybox":false,"showFlares":true,"showImageEffects":true,"showParticleSystems":true,"showVisualEffectGraphs":true,"m_FxEnabled":true},"in2DMode":false,"pivot":{"x":7.099782943725586,"y":0.1589207649230957,"z":-92.65669250488281},"rotation":{"x":-0.036924347281455997,"y":-0.32188233733177187,"z":0.012532166205346585,"w":-0.9461150765419006},"size":12.038421630859375,"orthographic":false}