{"cameraMode":{"drawMode":0,"name":"Shaded","section":"Shading Mode"},"sceneLighting":false,"audioPlay":false,"sceneViewState":{"m_AlwaysRefresh":false,"showFog":true,"showSkybox":false,"showFlares":true,"showImageEffects":true,"showParticleSystems":true,"showVisualEffectGraphs":true,"m_FxEnabled":true},"in2DMode":false,"pivot":{"x":0.006900668144226074,"y":-0.670737624168396,"z":0.007183551788330078},"rotation":{"x":0.19355548918247224,"y":-0.24038217961788178,"z":0.048992644995450976,"w":0.9499701261520386},"size":19.129688262939454,"orthographic":false}