{"cameraMode":{"drawMode":0,"name":"Shaded","section":"Shading Mode"},"sceneLighting":false,"audioPlay":false,"sceneViewState":{"m_AlwaysRefresh":false,"showFog":true,"showSkybox":false,"showFlares":true,"showImageEffects":true,"showParticleSystems":true,"showVisualEffectGraphs":true,"m_FxEnabled":true},"in2DMode":false,"pivot":{"x":1.6634111404418946,"y":4.700912952423096,"z":182.83267211914063},"rotation":{"x":-0.03542507439851761,"y":-0.8624403476715088,"z":0.060891252011060718,"w":-0.5013216733932495},"size":7.208341121673584,"orthographic":false}