{"cameraMode":{"drawMode":0,"name":"Shaded","section":"Shading Mode"},"sceneLighting":false,"audioPlay":false,"sceneViewState":{"m_AlwaysRefresh":false,"showFog":true,"showSkybox":false,"showFlares":true,"showImageEffects":true,"showParticleSystems":true,"showVisualEffectGraphs":true,"m_FxEnabled":true},"in2DMode":false,"pivot":{"x":-3.6279077529907228,"y":1.5100929737091065,"z":-112.50675201416016},"rotation":{"x":0.08195622265338898,"y":-0.7701545357704163,"z":0.10108068585395813,"w":0.624446451663971},"size":7.4344024658203129,"orthographic":false}