{"cameraMode":{"drawMode":0,"name":"Shaded","section":"Shading Mode"},"sceneLighting":false,"audioPlay":false,"sceneViewState":{"m_AlwaysRefresh":false,"showFog":true,"showSkybox":false,"showFlares":true,"showImageEffects":true,"showParticleSystems":true,"showVisualEffectGraphs":true,"m_FxEnabled":true},"in2DMode":false,"pivot":{"x":5.472239971160889,"y":-1.1225955486297608,"z":122.35639953613281},"rotation":{"x":0.11426481604576111,"y":0.41293683648109438,"z":-0.052307210862636569,"w":0.9020598530769348},"size":7.843358039855957,"orthographic":false}