{"cameraMode":{"drawMode":0,"name":"Shaded","section":"Shading Mode"},"sceneLighting":false,"audioPlay":false,"sceneViewState":{"m_AlwaysRefresh":false,"showFog":true,"showSkybox":false,"showFlares":true,"showImageEffects":true,"showParticleSystems":true,"showVisualEffectGraphs":true,"m_FxEnabled":true},"in2DMode":false,"pivot":{"x":0.13308751583099366,"y":3.4863061904907228,"z":-261.8846740722656},"rotation":{"x":-0.20913828909397126,"y":-0.08646100759506226,"z":0.018433623015880586,"w":-0.9739845395088196},"size":8.291359901428223,"orthographic":false}