{"cameraMode":{"drawMode":0,"name":"Shaded","section":"Shading Mode"},"sceneLighting":false,"audioPlay":false,"sceneViewState":{"m_AlwaysRefresh":false,"showFog":true,"showSkybox":false,"showFlares":true,"showImageEffects":true,"showParticleSystems":true,"showVisualEffectGraphs":true,"m_FxEnabled":true},"in2DMode":false,"pivot":{"x":-5.232730865478516,"y":1.5064146518707276,"z":33.76481628417969},"rotation":{"x":0.06295748054981232,"y":-0.005691829137504101,"z":0.0003572668647393584,"w":0.9980063438415527},"size":6.455469608306885,"orthographic":false}