{"cameraMode":{"drawMode":0,"name":"Shaded","section":"Shading Mode"},"sceneLighting":false,"audioPlay":false,"sceneViewState":{"m_AlwaysRefresh":false,"showFog":true,"showSkybox":false,"showFlares":true,"showImageEffects":true,"showParticleSystems":true,"showVisualEffectGraphs":true,"m_FxEnabled":true},"in2DMode":false,"pivot":{"x":-0.034642696380615237,"y":1.1500418186187745,"z":0.09495717287063599},"rotation":{"x":0.210499569773674,"y":0.4959750175476074,"z":-0.12532535195350648,"w":0.8330689072608948},"size":1.5529553890228272,"orthographic":false}