{"cameraMode":{"drawMode":0,"name":"Shaded","section":"Shading Mode"},"sceneLighting":false,"audioPlay":false,"sceneViewState":{"m_AlwaysRefresh":false,"showFog":true,"showSkybox":false,"showFlares":true,"showImageEffects":true,"showParticleSystems":true,"showVisualEffectGraphs":true,"m_FxEnabled":true},"in2DMode":false,"pivot":{"x":-7.239999771118164,"y":5.558113098144531,"z":34.209999084472659},"rotation":{"x":-0.027850385755300523,"y":0.21159690618515016,"z":0.006032152567058802,"w":0.9769418239593506},"size":5.171337127685547,"orthographic":false}